{
  "photos": [
    {
      "maxHeight": 460,
      "maxWidth": 840,
      "urlTemplate": "https://dynamic-media-cdn.tripadvisor.com/media/partner/bookingcom/photo-o/2b/63/15/a4/caption.jpg?w={width}&h={height}&s=1"
    },
    {
      "maxHeight": 460,
      "maxWidth": 840,
      "urlTemplate": "https://dynamic-media-cdn.tripadvisor.com/media/partner/bookingcom/photo-o/2b/81/3f/51/caption.jpg?w={width}&h={height}&s=1"
    },
    {
      "maxHeight": 460,
      "maxWidth": 840,
      "urlTemplate": "https://dynamic-media-cdn.tripadvisor.com/media/partner/bookingcom/photo-o/2b/81/3f/52/caption.jpg?w={width}&h={height}&s=1"
    },
    {
      "maxHeight": 460,
      "maxWidth": 840,
      "urlTemplate": "https://dynamic-media-cdn.tripadvisor.com/media/partner/bookingcom/photo-o/2b/81/3f/50/caption.jpg?w={width}&h={height}&s=1"
    },
    {
      "maxHeight": 460,
      "maxWidth": 840,
      "urlTemplate": "https://dynamic-media-cdn.tripadvisor.com/media/partner/bookingcom/photo-o/2b/63/15/a2/caption.jpg?w={width}&h={height}&s=1"
    },
    {
      "maxHeight": 3120,
      "maxWidth": 4160,
      "urlTemplate": "https://dynamic-media-cdn.tripadvisor.com/media/photo-o/26/39/3f/f8/hyatt-aryana-guest-house.jpg?w={width}&h={height}&s=1"
    },
    {
      "maxHeight": 3120,
      "maxWidth": 4160,
      "urlTemplate": "https://dynamic-media-cdn.tripadvisor.com/media/photo-o/26/39/3f/cf/hyatt-aryana-guest-house.jpg?w={width}&h={height}&s=1"
    }
  ],
  "title": "Hyatt Aryana Guest House",
  "rating": 5,
  "numberReviews": 1,
  "rankingDetails": "#26 of 53 hotels in <a>Islamabad</a>",
  "price": {
    "displayPrice": "$14",
    "strikeThroughPrice": null,
    "status": "AVAILABLE",
    "providerName": "Booking.com",
    "freeCancellation": null,
    "pricingPeriod": null
  },
  "about": {
    "content": [
      {
        "title": "Available languages",
        "content": [
          {
            "title": "",
            "content": "English, Farsi, Hindi, Urdu"
          }
        ]
      },
      {
        "title": "Amenities",
        "content": [
          {
            "title": "Free parking"
          },
          {
            "title": "Airport transportation"
          },
          {
            "title": "24-hour check-in"
          },
          {
            "title": "24-hour front desk"
          }
        ]
      }
    ],
    "tags": [
      "Quaint",
      "City View",
      "Budget",
      "Luxury"
    ]
  },
  "location": {
    "title": "The area",
    "address": "Near Masjid E Quba E-11/2 Markaz, Islamabad 44000 Pakistan",
    "neighborhood": {},
    "gettingThere": {
      "title": "How to get there",
      "content": [
        "Islamabad Intl Airport • 24 km"
      ]
    },
    "walkability": null
  },
  "geoPoint": {
    "latitude": 33.69618,
    "longitude": 73.04905
  },
  "restaurantsNearby": {
    "sectionTitle": "Restaurants nearby",
    "content": [
      {
        "title": "Doka Mocca",
        "bubbleRating": {
          "rating": 5,
          "numberReviews": "3"
        },
        "primaryInfo": "Chinese • Barbecue",
        "distance": "0.2 km",
        "cardPhoto": {
          "maxHeight": 1440,
          "maxWidth": 1920,
          "urlTemplate": "https://dynamic-media-cdn.tripadvisor.com/media/photo-o/0e/8d/ff/59/great-tasting-food.jpg?w={width}&h={height}&s=1"
        }
      },
      {
        "title": "La Terrazza",
        "bubbleRating": {
          "rating": 4.5,
          "numberReviews": "47"
        },
        "primaryInfo": "₹₹₹₹ • Italian • Steakhouse • Cafe",
        "distance": "1.4 km",
        "cardPhoto": {
          "maxHeight": 1080,
          "maxWidth": 1618,
          "urlTemplate": "https://dynamic-media-cdn.tripadvisor.com/media/photo-o/1c/cf/45/1e/chipotle-burger.jpg?w={width}&h={height}&s=1"
        }
      },
      {
        "title": "Nazarr - The Taste of Istanbul",
        "bubbleRating": {
          "rating": 5,
          "numberReviews": "5"
        },
        "primaryInfo": "Turkish",
        "distance": "1.3 km",
        "cardPhoto": {
          "maxHeight": 1080,
          "maxWidth": 1920,
          "urlTemplate": "https://dynamic-media-cdn.tripadvisor.com/media/photo-o/29/cf/df/27/turkish-pide.jpg?w={width}&h={height}&s=1"
        }
      },
      {
        "title": "Tayto Restaurant",
        "bubbleRating": {
          "rating": 4,
          "numberReviews": "9"
        },
        "primaryInfo": "₹₹ - ₹₹₹",
        "distance": "1.3 km",
        "cardPhoto": {
          "maxHeight": 2048,
          "maxWidth": 2048,
          "urlTemplate": "https://dynamic-media-cdn.tripadvisor.com/media/photo-o/15/58/e0/9d/photo5jpg.jpg?w={width}&h={height}&s=1"
        }
      },
      {
        "title": "Pizza Hut",
        "bubbleRating": {
          "rating": 3.5,
          "numberReviews": "9"
        },
        "primaryInfo": "₹₹ - ₹₹₹ • Pizza",
        "distance": "1.3 km",
        "cardPhoto": {
          "maxHeight": 1600,
          "maxWidth": 1600,
          "urlTemplate": "https://dynamic-media-cdn.tripadvisor.com/media/photo-o/17/f4/11/da/it-was-a-memorable-and.jpg?w={width}&h={height}&s=1"
        }
      },
      {
        "title": "Chaaye Khana Centaurus",
        "bubbleRating": {
          "rating": 4,
          "numberReviews": "1"
        },
        "primaryInfo": "Steakhouse • Pizza • Deli • Soups",
        "distance": "1.3 km",
        "cardPhoto": {
          "maxHeight": 576,
          "maxWidth": 768,
          "urlTemplate": "https://dynamic-media-cdn.tripadvisor.com/media/photo-o/28/a0/c4/08/caption.jpg?w={width}&h={height}&s=1"
        }
      },
      {
        "title": "Khyber Shinwari",
        "bubbleRating": {
          "rating": 4,
          "numberReviews": "4"
        },
        "primaryInfo": "Middle Eastern • Pakistani • Afghan",
        "distance": "1.3 km",
        "cardPhoto": {
          "maxHeight": 780,
          "maxWidth": 780,
          "urlTemplate": "https://dynamic-media-cdn.tripadvisor.com/media/photo-o/1b/f4/ac/41/these-are-the-rooms-we.jpg?w={width}&h={height}&s=1"
        }
      },
      {
        "title": "Eat Tandoori",
        "bubbleRating": {
          "rating": 5,
          "numberReviews": "1"
        },
        "primaryInfo": "Barbecue",
        "distance": "1.3 km",
        "cardPhoto": {
          "maxHeight": 3120,
          "maxWidth": 1440,
          "urlTemplate": "https://dynamic-media-cdn.tripadvisor.com/media/photo-o/29/5f/44/89/caption.jpg?w={width}&h={height}&s=1"
        }
      },
      {
        "title": "Monal Downtown Centaurus",
        "bubbleRating": {
          "rating": 3.5,
          "numberReviews": "31"
        },
        "primaryInfo": "₹₹ - ₹₹₹ • Italian • Asian • Middle Eastern",
        "distance": "1.3 km",
        "cardPhoto": {
          "maxHeight": 2000,
          "maxWidth": 1500,
          "urlTemplate": "https://dynamic-media-cdn.tripadvisor.com/media/photo-o/0b/fe/2b/ee/inside.jpg?w={width}&h={height}&s=1"
        }
      },
      {
        "title": "Kim Mun Restaurant",
        "bubbleRating": {
          "rating": 3,
          "numberReviews": "1"
        },
        "primaryInfo": "Chinese",
        "distance": "1.3 km",
        "cardPhoto": {
          "maxHeight": 896,
          "maxWidth": 1280,
          "urlTemplate": "https://dynamic-media-cdn.tripadvisor.com/media/photo-o/14/4e/fb/96/prawns-with-veges-and.jpg?w={width}&h={height}&s=1"
        }
      }
    ]
  },
  "attractionsNearby": {
    "sectionTitle": "Attractions nearby",
    "content": [
      {
        "title": "Pakistan Monument Museum",
        "bubbleRating": {
          "rating": 4.5,
          "numberReviews": "234"
        },
        "primaryInfo": "Speciality Museums",
        "distance": "1.8 km",
        "cardPhoto": {
          "maxHeight": 1200,
          "maxWidth": 1600,
          "urlTemplate": "https://dynamic-media-cdn.tripadvisor.com/media/photo-o/11/1e/0c/84/img-20171003-180932-213.jpg?w={width}&h={height}&s=1"
        }
      },
      {
        "title": "Faisal Mosque",
        "bubbleRating": {
          "rating": 4.5,
          "numberReviews": "812"
        },
        "primaryInfo": "Religious Sites",
        "distance": "3.9 km",
        "cardPhoto": {
          "maxHeight": 1026,
          "maxWidth": 1538,
          "urlTemplate": "https://dynamic-media-cdn.tripadvisor.com/media/daodao/photo-o/14/e2/52/05/img-20180916-184638-largejpg.jpg?w={width}&h={height}&s=1"
        }
      },
      {
        "title": "Lok Virsa Museum",
        "bubbleRating": {
          "rating": 4.5,
          "numberReviews": "169"
        },
        "primaryInfo": "Speciality Museums",
        "distance": "2.4 km",
        "cardPhoto": {
          "maxHeight": 1536,
          "maxWidth": 2048,
          "urlTemplate": "https://dynamic-media-cdn.tripadvisor.com/media/photo-o/0b/12/c4/d0/trip-to-museum-in-april.jpg?w={width}&h={height}&s=1"
        }
      },
      {
        "title": "Daman-e-Koh",
        "bubbleRating": {
          "rating": 4.5,
          "numberReviews": "287"
        },
        "primaryInfo": "Lookouts",
        "distance": "4.7 km",
        "cardPhoto": {
          "maxHeight": 1500,
          "maxWidth": 2000,
          "urlTemplate": "https://dynamic-media-cdn.tripadvisor.com/media/photo-o/0e/94/5c/5c/caption.jpg?w={width}&h={height}&s=1"
        }
      },
      {
        "title": "The Centaurus Mall Islamabad",
        "bubbleRating": {
          "rating": 4.5,
          "numberReviews": "4"
        },
        "primaryInfo": "Shopping Malls",
        "distance": "1.3 km",
        "cardPhoto": {
          "maxHeight": 983,
          "maxWidth": 1311,
          "urlTemplate": "https://dynamic-media-cdn.tripadvisor.com/media/photo-o/22/06/b3/49/caption.jpg?w={width}&h={height}&s=1"
        }
      },
      {
        "title": "Itwar Bazar",
        "bubbleRating": {
          "rating": 4.5,
          "numberReviews": "8"
        },
        "primaryInfo": "Flea & Street Markets",
        "distance": "1.6 km",
        "cardPhoto": {
          "maxHeight": 4160,
          "maxWidth": 3120,
          "urlTemplate": "https://dynamic-media-cdn.tripadvisor.com/media/photo-o/14/fe/71/6f/a-normal-view-of-sunday.jpg?w={width}&h={height}&s=1"
        }
      },
      {
        "title": "Shakarpariyan Hills",
        "bubbleRating": {
          "rating": 4,
          "numberReviews": "69"
        },
        "primaryInfo": "Geologic Formations",
        "distance": "2.7 km",
        "cardPhoto": {
          "maxHeight": 747,
          "maxWidth": 1328,
          "urlTemplate": "https://dynamic-media-cdn.tripadvisor.com/media/photo-o/09/77/8a/96/shakarpariyan-hills.jpg?w={width}&h={height}&s=1"
        }
      },
      {
        "title": "Saidpur Village",
        "bubbleRating": {
          "rating": 4,
          "numberReviews": "230"
        },
        "primaryInfo": "Neighbourhoods",
        "cardPhoto": {
          "maxHeight": 1536,
          "maxWidth": 2048,
          "urlTemplate": "https://dynamic-media-cdn.tripadvisor.com/media/photo-o/07/d0/74/a1/photo2jpg.jpg?w={width}&h={height}&s=1"
        }
      },
      {
        "title": "Pakistan Museum of Natural History",
        "bubbleRating": {
          "rating": 4,
          "numberReviews": "27"
        },
        "primaryInfo": "Natural History Museums",
        "distance": "2.7 km",
        "cardPhoto": {
          "maxHeight": 1536,
          "maxWidth": 2048,
          "urlTemplate": "https://dynamic-media-cdn.tripadvisor.com/media/photo-o/10/c0/8d/60/photo0jpg.jpg?w={width}&h={height}&s=1"
        }
      },
      {
        "title": "Saudi Pak Tower Building",
        "bubbleRating": {
          "rating": 3,
          "numberReviews": "31"
        },
        "primaryInfo": "Architectural Buildings",
        "distance": "2.5 km",
        "cardPhoto": {
          "maxHeight": 744,
          "maxWidth": 992,
          "urlTemplate": "https://dynamic-media-cdn.tripadvisor.com/media/photo-o/0c/b6/45/8d/saudi-pak-tower-building.jpg?w={width}&h={height}&s=1"
        }
      }
    ]
  },
  "reviews": {
    "content": [
      {
        "title": "very calm place",
        "text": "best location in E11/2 Islamabad <br />This is a family guest house. I had a good time in here with my family. I am satisfied with all the services of this guest house. I suggest you try it once. It is a quiet and comfortable place.",
        "bubbleRatingText": "Sep 2022",
        "publishedDate": "Written 30/09/22",
        "userProfile": {
          "deprecatedContributionCount": "3 contributions",
          "avatar": {
            "maxHeight": 1200,
            "maxWidth": 1200,
            "urlTemplate": "https://dynamic-media-cdn.tripadvisor.com/media/photo-o/1a/f6/ea/b2/default-avatar-2020-69.jpg?w={width}&h={height}&s=1"
          }
        },
        "photos": [
          {
            "__typename": "AppPresentation_Photo",
            "link": {
              "__typename": "AppPresentation_InternalLink",
              "text": null,
              "accessibilityString": null,
              "route": {
                "__typename": "Routing_Route",
                "page": "PhotoDetails",
                "url": "/PhotoDetails?ff=641286136&t=p&locationId=24991373&geo=24991373&cfg=mvqa&ep=review&rid=862640641",
                "nonCanonicalUrl": "/PhotoDetails?ff=641286136&t=p&locationId=24991373&geo=24991373&cfg=mvqa&ep=review&rid=862640641",
                "fragment": null,
                "typedParams": {
                  "__typename": "Routing_PhotoDetailsParameters",
                  "locationId": 24991373,
                  "locationIdStr": "24991373",
                  "albumId": null,
                  "positionId": null,
                  "from": null,
                  "to": null,
                  "mediaId": 641286136,
                  "mediaType": "p",
                  "galleryConfig": "mvqa",
                  "entryPoint": "review",
                  "reviewId": "862640641"
                }
              },
              "trackingContext": "server_reviewPhoto_641286136",
              "webviewRoute": null
            },
            "photo": {
              "__typename": "Photo",
              "photoSizes": [
                {
                  "__typename": "PhotoSize",
                  "height": 0,
                  "width": 0,
                  "url": "https://dynamic-media-cdn.tripadvisor.com/media/photo-o/26/39/3f/f8/hyatt-aryana-guest-house.jpg?w=100&h=100&s=1"
                },
                {
                  "__typename": "PhotoSize",
                  "height": 50,
                  "width": 50,
                  "url": "https://media-cdn.tripadvisor.com/media/photo-t/26/39/3f/f8/hyatt-aryana-guest-house.jpg"
                },
                {
                  "__typename": "PhotoSize",
                  "height": 150,
                  "width": 150,
                  "url": "https://media-cdn.tripadvisor.com/media/photo-l/26/39/3f/f8/hyatt-aryana-guest-house.jpg"
                },
                {
                  "__typename": "PhotoSize",
                  "height": 200,
                  "width": 180,
                  "url": "https://media-cdn.tripadvisor.com/media/photo-i/26/39/3f/f8/hyatt-aryana-guest-house.jpg"
                },
                {
                  "__typename": "PhotoSize",
                  "height": 188,
                  "width": 250,
                  "url": "https://media-cdn.tripadvisor.com/media/photo-f/26/39/3f/f8/hyatt-aryana-guest-house.jpg"
                },
                {
                  "__typename": "PhotoSize",
                  "height": 413,
                  "width": 550,
                  "url": "https://media-cdn.tripadvisor.com/media/photo-s/26/39/3f/f8/hyatt-aryana-guest-house.jpg"
                },
                {
                  "__typename": "PhotoSize",
                  "height": 768,
                  "width": 1024,
                  "url": "https://media-cdn.tripadvisor.com/media/photo-w/26/39/3f/f8/hyatt-aryana-guest-house.jpg"
                },
                {
                  "__typename": "PhotoSize",
                  "height": 960,
                  "width": 1280,
                  "url": "https://media-cdn.tripadvisor.com/media/photo-m/1280/26/39/3f/f8/hyatt-aryana-guest-house.jpg"
                }
              ],
              "photoSizeDynamic": {
                "__typename": "PhotoSizeDynamic",
                "maxHeight": 3120,
                "maxWidth": 4160,
                "urlTemplate": "https://dynamic-media-cdn.tripadvisor.com/media/photo-o/26/39/3f/f8/hyatt-aryana-guest-house.jpg?w={width}&h={height}&s=1"
              }
            }
          },
          {
            "__typename": "AppPresentation_Photo",
            "link": {
              "__typename": "AppPresentation_InternalLink",
              "text": null,
              "accessibilityString": null,
              "route": {
                "__typename": "Routing_Route",
                "page": "PhotoDetails",
                "url": "/PhotoDetails?ff=641286095&t=p&locationId=24991373&geo=24991373&cfg=mvqa&ep=review&rid=862640641",
                "nonCanonicalUrl": "/PhotoDetails?ff=641286095&t=p&locationId=24991373&geo=24991373&cfg=mvqa&ep=review&rid=862640641",
                "fragment": null,
                "typedParams": {
                  "__typename": "Routing_PhotoDetailsParameters",
                  "locationId": 24991373,
                  "locationIdStr": "24991373",
                  "albumId": null,
                  "positionId": null,
                  "from": null,
                  "to": null,
                  "mediaId": 641286095,
                  "mediaType": "p",
                  "galleryConfig": "mvqa",
                  "entryPoint": "review",
                  "reviewId": "862640641"
                }
              },
              "trackingContext": "server_reviewPhoto_641286095",
              "webviewRoute": null
            },
            "photo": {
              "__typename": "Photo",
              "photoSizes": [
                {
                  "__typename": "PhotoSize",
                  "height": 0,
                  "width": 0,
                  "url": "https://dynamic-media-cdn.tripadvisor.com/media/photo-o/26/39/3f/cf/hyatt-aryana-guest-house.jpg?w=100&h=100&s=1"
                },
                {
                  "__typename": "PhotoSize",
                  "height": 50,
                  "width": 50,
                  "url": "https://media-cdn.tripadvisor.com/media/photo-t/26/39/3f/cf/hyatt-aryana-guest-house.jpg"
                },
                {
                  "__typename": "PhotoSize",
                  "height": 150,
                  "width": 150,
                  "url": "https://media-cdn.tripadvisor.com/media/photo-l/26/39/3f/cf/hyatt-aryana-guest-house.jpg"
                },
                {
                  "__typename": "PhotoSize",
                  "height": 200,
                  "width": 180,
                  "url": "https://media-cdn.tripadvisor.com/media/photo-i/26/39/3f/cf/hyatt-aryana-guest-house.jpg"
                },
                {
                  "__typename": "PhotoSize",
                  "height": 188,
                  "width": 250,
                  "url": "https://media-cdn.tripadvisor.com/media/photo-f/26/39/3f/cf/hyatt-aryana-guest-house.jpg"
                },
                {
                  "__typename": "PhotoSize",
                  "height": 413,
                  "width": 550,
                  "url": "https://media-cdn.tripadvisor.com/media/photo-s/26/39/3f/cf/hyatt-aryana-guest-house.jpg"
                },
                {
                  "__typename": "PhotoSize",
                  "height": 768,
                  "width": 1024,
                  "url": "https://media-cdn.tripadvisor.com/media/photo-w/26/39/3f/cf/hyatt-aryana-guest-house.jpg"
                },
                {
                  "__typename": "PhotoSize",
                  "height": 960,
                  "width": 1280,
                  "url": "https://media-cdn.tripadvisor.com/media/photo-m/1280/26/39/3f/cf/hyatt-aryana-guest-house.jpg"
                }
              ],
              "photoSizeDynamic": {
                "__typename": "PhotoSizeDynamic",
                "maxHeight": 3120,
                "maxWidth": 4160,
                "urlTemplate": "https://dynamic-media-cdn.tripadvisor.com/media/photo-o/26/39/3f/cf/hyatt-aryana-guest-house.jpg?w={width}&h={height}&s=1"
              }
            }
          }
        ]
      }
    ],
    "count": 1,
    "ratingValue": 5,
    "ratingCounts": {
      "average": {
        "percentage": 0,
        "count": "0"
      },
      "excellent": {
        "percentage": 100,
        "count": "1"
      },
      "poor": {
        "percentage": 0,
        "count": "0"
      },
      "terrible": {
        "percentage": 0,
        "count": "0"
      },
      "veryGood": {
        "percentage": 0,
        "count": "0"
      }
    }
  },
  "qA": {
    "content": []
  },
  "amenitiesScreen": [
    {
      "title": "Parking",
      "content": [
        "Free parking"
      ]
    },
    {
      "title": "Transportation",
      "content": [
        "Airport transportation"
      ]
    },
    {
      "title": "Reception services",
      "content": [
        "24-hour check-in",
        "24-hour front desk"
      ]
    },
    {
      "title": "Room features",
      "content": [
        "Air conditioning",
        "Dining area",
        "Fireplace",
        "Housekeeping",
        "Interconnected rooms available",
        "Room service",
        "Seating area",
        "Separate dining area",
        "Separate living room",
        "VIP room facilities",
        "Wardrobe / wardrobe",
        "Iron",
        "Private bathrooms",
        "Tile / marble floor"
      ]
    },
    {
      "title": "Kitchen",
      "content": [
        "Microwave",
        "Refrigerator",
        "Electric kettle"
      ]
    },
    {
      "title": "View",
      "content": [
        "Mountain view",
        "City view"
      ]
    },
    {
      "title": "Room types",
      "content": [
        "Family rooms"
      ]
    }
  ]
}